{
  "format_version": "1.8.0",
  "minecraft:spawn_rules": {
    "description": {
      "identifier": "minecraft:glow_squid",
      "population_control": "animal"
    },
    "conditions": [
      {
        "minecraft:spawns_underground": {},
        "minecraft:spawns_underwater": {},
        "minecraft:weight": {
          "default": 10
        },
        "minecraft:height_filter": {
          "min": -64,
          "max": 30
        },
        "minecraft:herd": {
          "min_size": 2,
          "max_size": 4
        }
      }
    ]
  }
}