{
  "format_version": "1.8.0",
  "minecraft:spawn_rules": {
    "description": {
      "identifier": "minecraft:strider",
      "population_control": "animal"
    },
    "conditions": [
      {
        "minecraft:spawns_lava": {},
        "minecraft:spawns_underground": {},

        "minecraft:difficulty_filter": {
          "min": "peaceful",
          "max": "hard"
        },

        "minecraft:weight": {
          "default": 20
        },

        "minecraft:herd": {
          "min_size": 2,
          "max_size": 4
        },

        "minecraft:density_limit": {
          "surface": 3
        },

        "minecraft:biome_filter": {
          "test": "has_biome_tag",
          "operator": "==",
          "value": "nether"
        }
      }
    ]
  }
}