{
  "format_version": "1.12",
  "minecraft:recipe_shapeless": {
    "description": {
    "identifier": "minecraft:suspicious_stew_from_torchflower"
    },
    "tags": [ "crafting_table" ],
    "ingredients": [
      {
        "item": "minecraft:brown_mushroom"
      },
      {
        "item": "minecraft:red_mushroom"
      },
      {
        "item": "minecraft:bowl"
      },
      {
        "item": "minecraft:torchflower"
      }
    ],
    "result": {
      "item": "minecraft:suspicious_stew",
      "data": 10
    }
  }
}
