{
    "format_version": "1.12",
    "minecraft:recipe_shaped": {
        "description": {
            "identifier": "minecraft:tripwire_hook"
        },
        "tags": [
            "crafting_table"
        ],
        "pattern": [
            "A",
            "B",
            "C"
        ],
        "key": {
            "A": {
                "item": "iron_ingot"
            },
            "B": {
                "item": "stick"
            },
            "C": {
                "tag": "minecraft:planks"
            }
        },
        "result": {
            "item": "tripwire_hook",
            "count": 2
        },
        "priority": -1
    }
}