{
    "format_version": "1.16",
    "minecraft:recipe_shapeless": {
        "description": {
            "identifier": "minecraft:waxing_cut_copper_stairs"
        },
        "tags": [ "crafting_table" ],
        "ingredients": [
            {
                "item": "minecraft:cut_copper_stairs"
            },
            {
                "item": "minecraft:honeycomb"
            }
        ],
        "result": {
            "item": "minecraft:waxed_cut_copper_stairs",
            "count": 1
        },
        "priority": 1
    }
}