{
    "format_version": "1.16",
    "minecraft:recipe_shaped": {
        "description": {
            "identifier": "minecraft:wooden_axe_from_warped_planks"
        },
        "tags": [
            "crafting_table"
        ],
        "pattern": [
            "AA",
            "AB",
            " B"
        ],
        "key": {
            "A": {
                "item": "warped_planks"
            },
            "B": {
                "item": "stick"
            }
        },
        "result": {
            "item": "wooden_axe",
            "count": 1
        },
        "priority": 2
    }
}